Fehler entstehen, wenn Du Dich weiter entwickelst oder wächst. Fehler zu machen gehört dazu. Deine Aufgabe ist es dafür zu sorgen, dass du einen Fehler kein zweites Mal begehst.

Du musst Dir Deine Fehler zugestehen und offen für Veränderung und damit einhergehende Verbesserung sein.
Lege Dein Ego ab und fang an zu lernen, um schnell voranzukommen.

Wir alle haben die gleichen 24 Stunden, nur gehen wir anders damit um.
Mache dir bewusst welche Tätigkeiten wichtig für dein Unternehmen sind und welche Tätigkeiten dir keine Ergebnisse bringen.

Wichtig ist wie Du damit umgehst und verstehst, dass Du durch Angst deine Komfortzone verlässt und Dein Unternehmen zum Wachsen bringst.

Du musst aufhören anderen die Schuld für etwas zu geben, weil du damit die Macht über dich an andere überträgst. Du allein bist zu 100% für deinen Erfolg verantwortlich.

Du darfst Dich nicht vor anderen Menschen verschließen, weil du sonst in eine Stagnation oder sogar Abwärtsspirale gerätst.

Halt Dich nicht an die Zeitvorgaben für die einzelnen Phasen. Investiere möglichst viel Zeit in die Umsetzung, damit Du schnelle Ergebnisse siehst. 
Unsere Kunden sagen:
"Die Umsetzung der Trainingsvideos begeistert und macht Spaß."
Dein Onlineshop sollte spätestens nach 60 Tagen live gehen.

support@baumdick.de

Geld ist nutzlos, wenn es nicht oder falsch genutzt wird. 
Sparen auf der Bank oder mit Rentenversicherungen bringt nichts.
So wie Du jetzt für Dein Business arbeitest, so wird Dein Business später auch für Dich arbeiten. Je mehr Zeit und Kapital Du investierst, desto höher wird der Ertrag sein.
Egal wie viel Du verdienst, behalte Deine Selbstkontrolle und lass Dich nicht von Luxus-Marken verführen, um Anerkennung von anderen Menschen zu bekommen.
Fazit: Investiere Dein Geld in Dich und Dein Unternehmen.

"Eat the Frog" steckt und wie erfolgreiche Menschen Ihre täglichen Aufgaben planen. 

Gestalte Deinen Tag so, dass Du sofort nach dem Aufstehen die Aufgaben mit der höchsten Priorität erledigst. Die Vorteile dieser Vorgehensweise überzeugen:

Du wirst selbstbewusster und hast weniger Last auf den Schultern.
Du machst jeden Tag Fortschritte beim Aufbau des Onlineshops.
Du schiebst die Umsetzung des Trainings nicht auf später.